{
    "intercept": 4.999999999999989,
    "C_eff": 8.076872504148014e-15,
    "C_eff^2": 1.674441835186613e-14,
    "D": -6.5242949931487715e-15,
    "D^2": -2.2997554381676277e-15,
    "S1": -4.000000000000009,
    "S2": -3.0000000000000044,
    "S3": -2.0000000000000018,
    "S4": -1.000000000000003,
    "S5": -2.9837243786801082e-15,
    "S6": 1.0000000000000016,
    "S7": 2.000000000000003,
    "S8": 2.999999999999999,
    "S9": 4.000000000000002,
    "S10": 5.000000000000006,
    "log_pop": -2.3869795029440866e-15
}